"시도명(1)","시군구(1)","시점",계,계,계,계,계,관용,관용,관용,관용,관용,자가용,자가용,자가용,자가용,자가용
"시도명(1)","시군구(1)","시점",소계,경형,소형,중형,대형,소계,경형,소형,중형,대형,소계,경형,소형,중형,대형
"부산","금정구","2020.01",8325,377,2299,5256,393,99,8,15,73,3,8226,369,2284,5183,390
"부산","금정구","2020.02",8338,374,2307,5253,404,99,8,15,73,3,8239,366,2292,5180,401
"부산","금정구","2020.03",8326,378,2307,5248,393,99,8,15,73,3,8227,370,2292,5175,390
"부산","금정구","2020.04",8357,397,2291,5271,398,92,8,8,73,3,8265,389,2283,5198,395
"부산","금정구","2020.05",8396,402,2279,5295,420,95,13,8,71,3,8301,389,2271,5224,417
"부산","금정구","2020.06",8406,391,2281,5321,413,94,12,8,71,3,8312,379,2273,5250,410
"부산","금정구","2020.07",8429,400,2278,5339,412,94,12,8,71,3,8335,388,2270,5268,409
"부산","금정구","2020.08",8421,401,2280,5331,409,94,12,8,71,3,8327,389,2272,5260,406
"부산","금정구","2020.09",8471,396,2285,5373,417,94,12,8,71,3,8377,384,2277,5302,414
"부산","금정구","2020.10",8450,392,2279,5359,420,94,12,8,71,3,8356,380,2271,5288,417
"부산","금정구","2020.11",8419,387,2275,5337,420,94,12,8,71,3,8325,375,2267,5266,417
"부산","금정구","2020.12",8409,383,2279,5319,428,98,12,8,75,3,8311,371,2271,5244,425
"부산","금정구","2021.01",8393,382,2271,5315,425,98,12,8,75,3,8295,370,2263,5240,422
"부산","금정구","2021.02",8398,383,2271,5310,434,98,12,8,75,3,8300,371,2263,5235,431
"부산","금정구","2021.03",8424,385,2262,5345,432,97,12,8,74,3,8327,373,2254,5271,429
"부산","금정구","2021.04",8475,398,2280,5345,452,97,12,8,74,3,8378,386,2272,5271,449
"부산","금정구","2021.05",8499,392,2284,5370,453,96,12,8,74,2,8403,380,2276,5296,451
"부산","금정구","2021.06",8499,392,2284,5370,453,96,12,8,74,2,8403,380,2276,5296,451
"부산","금정구","2021.07",8573,387,2307,5404,475,94,10,8,74,2,8479,377,2299,5330,473
"부산","금정구","2021.08",8647,397,2326,5439,485,93,10,8,73,2,8554,387,2318,5366,483
"부산","금정구","2021.09",8247,398,2068,5284,497,83,10,5,66,2,8164,388,2063,5218,495
"부산","금정구","2021.10",8278,393,2063,5311,511,82,9,5,66,2,8196,384,2058,5245,509
"부산","금정구","2021.11",8179,391,2017,5253,518,85,9,5,69,2,8094,382,2012,5184,516
"부산","금정구","2021.12",8147,385,2005,5238,519,85,9,5,69,2,8062,376,2000,5169,517
"부산","금정구","2022.01",8134,384,2000,5228,522,84,9,5,68,2,8050,375,1995,5160,520
"부산","금정구","2022.02",8088,383,1996,5193,516,84,9,5,68,2,8004,374,1991,5125,514
"부산","금정구","2022.03",8123,377,1999,5212,535,84,9,5,68,2,8039,368,1994,5144,533
"부산","금정구","2022.04",8171,371,2034,5220,546,84,9,5,68,2,8087,362,2029,5152,544
"부산","금정구","2022.05",8187,371,2042,5214,560,78,4,5,67,2,8109,367,2037,5147,558
"부산","금정구","2022.06",8203,372,2051,5211,569,77,4,4,67,2,8126,368,2047,5144,567
"부산","금정구","2022.07",8234,373,2061,5221,579,76,4,4,67,1,8158,369,2057,5154,578
"부산","금정구","2022.08",8216,368,2057,5205,586,78,4,4,69,1,8138,364,2053,5136,585
"부산","금정구","2022.09",8219,361,2065,5210,583,79,5,4,69,1,8140,356,2061,5141,582
"부산","금정구","2022.10",8208,354,2077,5201,576,79,5,4,69,1,8129,349,2073,5132,575
"부산","금정구","2022.11",8193,355,2071,5190,577,78,5,4,68,1,8115,350,2067,5122,576
"부산","금정구","2022.12",8180,353,2076,5181,570,79,5,4,68,2,8101,348,2072,5113,568
"부산","금정구","2023.01",8175,350,2072,5178,575,79,5,4,68,2,8096,345,2068,5110,573
"부산","기장군","2020.01",5262,274,1589,3057,342,62,6,7,49,0,5200,268,1582,3008,342
"부산","기장군","2020.02",5281,268,1596,3074,343,65,6,7,52,0,5216,262,1589,3022,343
"부산","기장군","2020.03",5342,281,1599,3117,345,65,6,7,52,0,5277,275,1592,3065,345
"부산","기장군","2020.04",5375,296,1597,3135,347,67,8,7,52,0,5308,288,1590,3083,347
"부산","기장군","2020.05",5436,318,1602,3146,370,72,13,7,52,0,5364,305,1595,3094,370
"부산","기장군","2020.06",5482,310,1604,3177,391,72,13,7,52,0,5410,297,1597,3125,391
"부산","기장군","2020.07",5496,307,1603,3193,393,72,13,7,52,0,5424,294,1596,3141,393
"부산","기장군","2020.08",5579,310,1615,3244,410,72,13,7,52,0,5507,297,1608,3192,410
"부산","기장군","2020.09",5623,309,1608,3293,413,72,10,7,55,0,5551,299,1601,3238,413
"부산","기장군","2020.10",5623,304,1605,3296,418,72,10,7,55,0,5551,294,1598,3241,418
"부산","기장군","2020.11",5630,300,1619,3292,419,73,10,7,56,0,5557,290,1612,3236,419
"부산","기장군","2020.12",5680,298,1634,3320,428,73,10,7,56,0,5607,288,1627,3264,428
"부산","기장군","2021.01",5738,301,1637,3369,431,73,10,7,56,0,5665,291,1630,3313,431
"부산","기장군","2021.02",5733,296,1636,3365,436,73,10,7,56,0,5660,286,1629,3309,436
"부산","기장군","2021.03",5753,296,1640,3392,425,73,10,7,56,0,5680,286,1633,3336,425
"부산","기장군","2021.04",5808,294,1651,3419,444,75,10,7,58,0,5733,284,1644,3361,444
"부산","기장군","2021.05",5844,296,1659,3428,461,75,10,7,58,0,5769,286,1652,3370,461
"부산","기장군","2021.06",5844,296,1659,3428,461,75,10,7,58,0,5769,286,1652,3370,461
"부산","기장군","2021.07",5857,286,1660,3445,466,75,10,7,58,0,5782,276,1653,3387,466
"부산","기장군","2021.08",5838,291,1607,3463,477,73,8,8,57,0,5765,283,1599,3406,477
"부산","기장군","2021.09",5831,293,1579,3468,491,76,8,11,57,0,5755,285,1568,3411,491
"부산","기장군","2021.10",5702,292,1492,3416,502,70,8,6,56,0,5632,284,1486,3360,502
"부산","기장군","2021.11",5534,294,1395,3335,510,69,8,5,56,0,5465,286,1390,3279,510
"부산","기장군","2021.12",5568,291,1403,3351,523,67,6,5,56,0,5501,285,1398,3295,523
"부산","기장군","2022.01",5574,286,1400,3363,525,67,6,5,56,0,5507,280,1395,3307,525
"부산","기장군","2022.02",5590,288,1407,3374,521,67,6,5,56,0,5523,282,1402,3318,521
"부산","기장군","2022.03",5611,288,1406,3393,524,68,6,5,57,0,5543,282,1401,3336,524
"부산","기장군","2022.04",5640,284,1420,3416,520,69,6,6,57,0,5571,278,1414,3359,520
"부산","기장군","2022.05",5678,290,1426,3428,534,68,5,6,57,0,5610,285,1420,3371,534
"부산","기장군","2022.06",5729,293,1436,3453,547,68,4,7,57,0,5661,289,1429,3396,547
"부산","기장군","2022.07",5763,295,1437,3470,561,66,2,7,57,0,5697,293,1430,3413,561
"부산","기장군","2022.08",5790,297,1448,3476,569,68,2,7,59,0,5722,295,1441,3417,569
"부산","기장군","2022.09",5816,298,1459,3484,575,67,2,7,58,0,5749,296,1452,3426,575
"부산","기장군","2022.10",5842,302,1464,3489,587,68,2,8,58,0,5774,300,1456,3431,587
"부산","기장군","2022.11",5861,307,1470,3472,612,68,2,8,58,0,5793,305,1462,3414,612
"부산","기장군","2022.12",5874,315,1470,3470,619,68,2,8,58,0,5806,313,1462,3412,619
"부산","기장군","2023.01",5886,311,1473,3475,627,68,2,8,58,0,5818,309,1465,3417,627
"부산","남구","2020.01",10721,481,2794,6793,653,36,3,10,23,0,10685,478,2784,6770,653
"부산","남구","2020.02",10683,481,2783,6777,642,36,3,10,23,0,10647,478,2773,6754,642
"부산","남구","2020.03",10765,494,2775,6834,662,36,3,10,23,0,10729,491,2765,6811,662
"부산","남구","2020.04",10791,510,2765,6842,674,36,3,10,23,0,10755,507,2755,6819,674
"부산","남구","2020.05",10837,520,2760,6875,682,36,3,10,23,0,10801,517,2750,6852,682
"부산","남구","2020.06",10870,522,2743,6910,695,36,3,10,23,0,10834,519,2733,6887,695
"부산","남구","2020.07",10894,534,2730,6924,706,36,3,10,23,0,10858,531,2720,6901,706
"부산","남구","2020.08",10886,528,2724,6929,705,35,3,10,22,0,10851,525,2714,6907,705
"부산","남구","2020.09",10870,522,2705,6940,703,35,3,10,22,0,10835,519,2695,6918,703
"부산","남구","2020.10",10935,522,2701,6979,733,35,3,10,22,0,10900,519,2691,6957,733
"부산","남구","2020.11",10926,510,2688,6990,738,35,3,10,22,0,10891,507,2678,6968,738
"부산","남구","2020.12",10903,512,2674,6987,730,34,3,10,21,0,10869,509,2664,6966,730
"부산","남구","2021.01",10919,510,2666,7003,740,34,3,10,21,0,10885,507,2656,6982,740
"부산","남구","2021.02",10902,507,2670,6979,746,33,3,10,20,0,10869,504,2660,6959,746
"부산","남구","2021.03",10888,505,2668,6968,747,33,3,10,20,0,10855,502,2658,6948,747
"부산","남구","2021.04",10962,505,2670,7016,771,34,3,10,21,0,10928,502,2660,6995,771
"부산","남구","2021.05",10995,510,2684,7017,784,34,3,10,21,0,10961,507,2674,6996,784
"부산","남구","2021.06",10995,510,2684,7017,784,34,3,10,21,0,10961,507,2674,6996,784
"부산","남구","2021.07",11017,487,2675,7043,812,34,3,10,21,0,10983,484,2665,7022,812
"부산","남구","2021.08",11069,490,2690,7068,821,36,5,10,21,0,11033,485,2680,7047,821
"부산","남구","2021.09",10673,488,2448,6913,824,35,4,10,21,0,10638,484,2438,6892,824
"부산","남구","2021.10",10735,496,2447,6959,833,35,4,10,21,0,10700,492,2437,6938,833
"부산","남구","2021.11",10630,497,2390,6911,832,36,4,11,21,0,10594,493,2379,6890,832
"부산","남구","2021.12",10617,495,2388,6900,834,34,3,10,21,0,10583,492,2378,6879,834
"부산","남구","2022.01",10577,491,2385,6871,830,34,3,10,21,0,10543,488,2375,6850,830
"부산","남구","2022.02",10564,488,2380,6842,854,32,3,10,19,0,10532,485,2370,6823,854
"부산","남구","2022.03",10585,481,2377,6866,861,32,3,10,19,0,10553,478,2367,6847,861
"부산","남구","2022.04",10619,484,2381,6888,866,32,3,10,19,0,10587,481,2371,6869,866
"부산","남구","2022.05",10679,474,2389,6940,876,32,3,10,19,0,10647,471,2379,6921,876
"부산","남구","2022.06",10699,464,2387,6956,892,32,3,10,19,0,10667,461,2377,6937,892
"부산","남구","2022.07",10743,463,2393,6985,902,32,3,10,19,0,10711,460,2383,6966,902
"부산","남구","2022.08",10716,453,2387,6970,906,32,3,10,19,0,10684,450,2377,6951,906
"부산","남구","2022.09",10743,448,2394,6987,914,31,3,10,18,0,10712,445,2384,6969,914
"부산","남구","2022.10",10731,444,2400,6953,934,31,3,10,18,0,10700,441,2390,6935,934
"부산","남구","2022.11",10747,446,2403,6961,937,31,3,10,18,0,10716,443,2393,6943,937
"부산","남구","2022.12",10730,451,2400,6940,939,31,3,10,18,0,10699,448,2390,6922,939
"부산","남구","2023.01",10764,451,2408,6964,941,31,3,10,18,0,10733,448,2398,6946,941
"부산","동구","2020.01",4364,246,997,2906,215,74,3,31,39,1,4290,243,966,2867,214
"부산","동구","2020.02",4360,242,994,2907,217,73,3,31,38,1,4287,239,963,2869,216
"부산","동구","2020.03",4372,242,1001,2912,217,73,3,31,38,1,4299,239,970,2874,216
"부산","동구","2020.04",4413,260,1002,2919,232,70,3,29,37,1,4343,257,973,2882,231
"부산","동구","2020.05",4446,269,1005,2936,236,75,8,29,37,1,4371,261,976,2899,235
"부산","동구","2020.06",4445,269,1005,2933,238,75,8,29,37,1,4370,261,976,2896,237
"부산","동구","2020.07",4452,268,1005,2940,239,75,8,29,37,1,4377,260,976,2903,238
"부산","동구","2020.08",4454,260,1006,2956,232,75,8,29,37,1,4379,252,977,2919,231
"부산","동구","2020.09",4448,242,1003,2967,236,75,8,29,37,1,4373,234,974,2930,235
"부산","동구","2020.10",4451,238,995,2979,239,75,8,29,37,1,4376,230,966,2942,238
"부산","동구","2020.11",4443,239,1001,2962,241,75,8,29,37,1,4368,231,972,2925,240
"부산","동구","2020.12",4445,239,997,2968,241,76,8,29,38,1,4369,231,968,2930,240
"부산","동구","2021.01",4441,236,994,2965,246,77,8,29,39,1,4364,228,965,2926,245
"부산","동구","2021.02",4428,234,990,2957,247,77,8,29,39,1,4351,226,961,2918,246
"부산","동구","2021.03",4429,234,988,2961,246,77,8,29,39,1,4352,226,959,2922,245
"부산","동구","2021.04",4454,227,999,2974,254,75,6,29,39,1,4379,221,970,2935,253
"부산","동구","2021.05",4468,225,1000,2991,252,75,6,29,39,1,4393,219,971,2952,251
"부산","동구","2021.06",4468,225,1000,2991,252,75,6,29,39,1,4393,219,971,2952,251
"부산","동구","2021.07",4476,216,999,2989,272,75,6,29,39,1,4401,210,970,2950,271
"부산","동구","2021.08",4519,219,1014,2998,288,75,6,29,39,1,4444,213,985,2959,287
"부산","동구","2021.09",4544,224,1017,3021,282,68,6,29,32,1,4476,218,988,2989,281
"부산","동구","2021.10",4563,222,1011,3040,290,68,6,29,32,1,4495,216,982,3008,289
"부산","동구","2021.11",4489,222,961,3013,293,68,6,29,32,1,4421,216,932,2981,292
"부산","동구","2021.12",4477,223,954,3014,286,69,7,29,32,1,4408,216,925,2982,285
"부산","동구","2022.01",4472,213,950,3012,297,69,7,29,32,1,4403,206,921,2980,296
"부산","동구","2022.02",4487,216,950,3023,298,69,7,29,32,1,4418,209,921,2991,297
"부산","동구","2022.03",4492,217,955,3020,300,69,7,29,32,1,4423,210,926,2988,299
"부산","동구","2022.04",4504,206,962,3029,307,64,3,28,32,1,4440,203,934,2997,306
"부산","동구","2022.05",4515,203,965,3039,308,63,2,28,32,1,4452,201,937,3007,307
"부산","동구","2022.06",4496,199,959,3033,305,63,2,28,32,1,4433,197,931,3001,304
"부산","동구","2022.07",4513,200,956,3041,316,57,2,22,32,1,4456,198,934,3009,315
"부산","동구","2022.08",4510,201,957,3042,310,57,2,22,32,1,4453,199,935,3010,309
"부산","동구","2022.09",4511,199,966,3042,304,57,2,22,32,1,4454,197,944,3010,303
"부산","동구","2022.10",4509,190,967,3040,312,57,2,22,32,1,4452,188,945,3008,311
"부산","동구","2022.11",4498,188,969,3024,317,57,2,22,32,1,4441,186,947,2992,316
"부산","동구","2022.12",4493,188,966,3021,318,57,2,22,32,1,4436,186,944,2989,317
"부산","동구","2023.01",4478,185,963,3009,321,57,2,22,32,1,4421,183,941,2977,320
"부산","동래구","2020.01",8606,429,2410,5258,509,84,5,5,74,0,8522,424,2405,5184,509
"부산","동래구","2020.02",8603,425,2400,5262,516,84,5,5,74,0,8519,420,2395,5188,516
"부산","동래구","2020.03",8632,423,2399,5288,522,83,5,5,73,0,8549,418,2394,5215,522
"부산","동래구","2020.04",8672,443,2386,5308,535,79,5,1,73,0,8593,438,2385,5235,535
"부산","동래구","2020.05",8739,449,2393,5343,554,79,5,1,73,0,8660,444,2392,5270,554
"부산","동래구","2020.06",8751,450,2395,5350,556,79,5,1,73,0,8672,445,2394,5277,556
"부산","동래구","2020.07",8756,461,2382,5363,550,79,5,1,73,0,8677,456,2381,5290,550
"부산","동래구","2020.08",8763,459,2379,5360,565,79,5,1,73,0,8684,454,2378,5287,565
"부산","동래구","2020.09",8807,449,2374,5408,576,79,5,1,73,0,8728,444,2373,5335,576
"부산","동래구","2020.10",8828,455,2371,5428,574,79,5,1,73,0,8749,450,2370,5355,574
"부산","동래구","2020.11",8845,448,2361,5454,582,80,5,1,73,1,8765,443,2360,5381,581
"부산","동래구","2020.12",8830,439,2356,5444,591,79,5,1,72,1,8751,434,2355,5372,590
"부산","동래구","2021.01",8833,429,2365,5441,598,78,5,1,72,0,8755,424,2364,5369,598
"부산","동래구","2021.02",8854,427,2362,5448,617,78,5,1,72,0,8776,422,2361,5376,617
"부산","동래구","2021.03",8860,425,2353,5459,623,78,5,1,72,0,8782,420,2352,5387,623
"부산","동래구","2021.04",8916,428,2374,5476,638,78,5,1,72,0,8838,423,2373,5404,638
"부산","동래구","2021.05",8933,428,2368,5489,648,78,5,1,72,0,8855,423,2367,5417,648
"부산","동래구","2021.06",8933,428,2368,5489,648,78,5,1,72,0,8855,423,2367,5417,648
"부산","동래구","2021.07",8950,416,2374,5515,645,75,2,1,72,0,8875,414,2373,5443,645
"부산","동래구","2021.08",8994,417,2393,5528,656,74,2,1,71,0,8920,415,2392,5457,656
"부산","동래구","2021.09",9050,425,2409,5557,659,74,2,1,71,0,8976,423,2408,5486,659
"부산","동래구","2021.10",9045,422,2405,5540,678,74,2,1,71,0,8971,420,2404,5469,678
"부산","동래구","2021.11",8604,423,2103,5392,686,74,2,1,71,0,8530,421,2102,5321,686
"부산","동래구","2021.12",8606,415,2103,5400,688,74,2,1,71,0,8532,413,2102,5329,688
"부산","동래구","2022.01",8651,415,2098,5450,688,74,2,1,71,0,8577,413,2097,5379,688
"부산","동래구","2022.02",8688,417,2094,5486,691,74,2,1,71,0,8614,415,2093,5415,691
"부산","동래구","2022.03",8763,420,2089,5542,712,74,2,1,71,0,8689,418,2088,5471,712
"부산","동래구","2022.04",8840,422,2092,5589,737,74,2,1,71,0,8766,420,2091,5518,737
"부산","동래구","2022.05",8866,409,2097,5601,759,74,2,1,71,0,8792,407,2096,5530,759
"부산","동래구","2022.06",8862,408,2084,5600,770,74,2,1,71,0,8788,406,2083,5529,770
"부산","동래구","2022.07",8926,412,2091,5620,803,74,2,1,71,0,8852,410,2090,5549,803
"부산","동래구","2022.08",8956,416,2097,5629,814,74,2,1,71,0,8882,414,2096,5558,814
"부산","동래구","2022.09",8989,414,2108,5636,831,74,2,1,71,0,8915,412,2107,5565,831
"부산","동래구","2022.10",8998,410,2115,5622,851,73,1,1,71,0,8925,409,2114,5551,851
"부산","동래구","2022.11",8998,418,2119,5605,856,74,1,1,71,1,8924,417,2118,5534,855
"부산","동래구","2022.12",8979,419,2130,5571,859,74,1,1,71,1,8905,418,2129,5500,858
"부산","동래구","2023.01",8976,404,2133,5584,855,74,1,1,71,1,8902,403,2132,5513,854
"부산","부산진구","2020.01",17239,558,5976,9874,831,132,13,23,96,0,17107,545,5953,9778,831
"부산","부산진구","2020.02",17261,556,5975,9885,845,130,13,23,94,0,17131,543,5952,9791,845
"부산","부산진구","2020.03",17356,554,5983,9950,869,127,13,23,91,0,17229,541,5960,9859,869
"부산","부산진구","2020.04",17424,593,5961,9989,881,126,13,23,90,0,17298,580,5938,9899,881
"부산","부산진구","2020.05",17468,618,5952,9999,899,133,20,23,90,0,17335,598,5929,9909,899
"부산","부산진구","2020.06",17557,632,5951,10059,915,133,20,23,90,0,17424,612,5928,9969,915
"부산","부산진구","2020.07",17590,618,5959,10099,914,126,17,23,86,0,17464,601,5936,10013,914
"부산","부산진구","2020.08",17641,618,5944,10156,923,127,17,23,87,0,17514,601,5921,10069,923
"부산","부산진구","2020.09",17683,621,5929,10180,953,129,17,23,87,2,17554,604,5906,10093,951
"부산","부산진구","2020.10",17719,628,5929,10192,970,129,17,23,87,2,17590,611,5906,10105,968
"부산","부산진구","2020.11",17756,629,5928,10200,999,126,17,23,84,2,17630,612,5905,10116,997
"부산","부산진구","2020.12",17744,619,5931,10186,1008,132,17,23,90,2,17612,602,5908,10096,1006
"부산","부산진구","2021.01",17764,622,5932,10191,1019,132,17,23,90,2,17632,605,5909,10101,1017
"부산","부산진구","2021.02",17810,620,5928,10222,1040,132,17,23,90,2,17678,603,5905,10132,1038
"부산","부산진구","2021.03",17877,633,5923,10267,1054,132,17,23,90,2,17745,616,5900,10177,1052
"부산","부산진구","2021.04",18009,631,5958,10323,1097,131,17,23,90,1,17878,614,5935,10233,1096
"부산","부산진구","2021.05",18019,623,5944,10337,1115,131,17,23,90,1,17888,606,5921,10247,1114
"부산","부산진구","2021.06",18019,623,5944,10337,1115,131,17,23,90,1,17888,606,5921,10247,1114
"부산","부산진구","2021.07",18111,624,5964,10383,1140,129,17,23,88,1,17982,607,5941,10295,1139
"부산","부산진구","2021.08",18248,633,6003,10443,1169,134,17,26,89,2,18114,616,5977,10354,1167
"부산","부산진구","2021.09",15508,644,3913,9785,1166,125,18,16,89,2,15383,626,3897,9696,1164
"부산","부산진구","2021.10",15556,645,3905,9825,1181,122,18,16,86,2,15434,627,3889,9739,1179
"부산","부산진구","2021.11",15379,633,3806,9769,1171,123,18,17,86,2,15256,615,3789,9683,1169
"부산","부산진구","2021.12",15324,627,3808,9717,1172,120,15,17,87,1,15204,612,3791,9630,1171
"부산","부산진구","2022.01",15340,627,3813,9703,1197,122,15,19,87,1,15218,612,3794,9616,1196
"부산","부산진구","2022.02",15394,626,3817,9752,1199,125,15,22,87,1,15269,611,3795,9665,1198
"부산","부산진구","2022.03",15511,618,3828,9826,1239,125,15,22,87,1,15386,603,3806,9739,1238
"부산","부산진구","2022.04",15630,601,3871,9883,1275,125,15,22,87,1,15505,586,3849,9796,1274
"부산","부산진구","2022.05",15629,593,3880,9879,1277,120,10,22,87,1,15509,583,3858,9792,1276
"부산","부산진구","2022.06",15648,601,3866,9891,1290,119,10,22,86,1,15529,591,3844,9805,1289
"부산","부산진구","2022.07",15715,607,3891,9914,1303,119,10,22,86,1,15596,597,3869,9828,1302
"부산","부산진구","2022.08",15783,601,3890,9959,1333,119,10,22,86,1,15664,591,3868,9873,1332
"부산","부산진구","2022.09",15892,602,3925,10014,1351,120,10,22,87,1,15772,592,3903,9927,1350
"부산","부산진구","2022.10",15989,619,3924,10061,1385,120,10,22,87,1,15869,609,3902,9974,1384
"부산","부산진구","2022.11",16039,624,3935,10081,1399,119,10,21,87,1,15920,614,3914,9994,1398
"부산","부산진구","2022.12",16020,629,3935,10063,1393,119,10,21,87,1,15901,619,3914,9976,1392
"부산","부산진구","2023.01",16046,633,3922,10094,1397,118,10,21,86,1,15928,623,3901,10008,1396
"부산","북구","2020.01",8709,369,2428,5440,472,70,13,4,53,0,8639,356,2424,5387,472
"부산","북구","2020.02",8694,359,2420,5434,481,70,13,4,53,0,8624,346,2416,5381,481
"부산","북구","2020.03",8703,368,2416,5432,487,70,13,4,53,0,8633,355,2412,5379,487
"부산","북구","2020.04",8712,386,2405,5433,488,70,13,4,53,0,8642,373,2401,5380,488
"부산","북구","2020.05",8776,428,2406,5445,497,79,22,4,53,0,8697,406,2402,5392,497
"부산","북구","2020.06",8808,442,2413,5447,506,76,22,4,50,0,8732,420,2409,5397,506
"부산","북구","2020.07",8862,450,2415,5480,517,74,22,4,48,0,8788,428,2411,5432,517
"부산","북구","2020.08",8865,440,2408,5500,517,73,21,4,48,0,8792,419,2404,5452,517
"부산","북구","2020.09",8874,435,2408,5515,516,73,21,4,48,0,8801,414,2404,5467,516
"부산","북구","2020.10",8886,428,2407,5529,522,73,21,4,48,0,8813,407,2403,5481,522
"부산","북구","2020.11",8877,425,2401,5525,526,73,21,4,48,0,8804,404,2397,5477,526
"부산","북구","2020.12",8838,423,2393,5497,525,72,20,4,48,0,8766,403,2389,5449,525
"부산","북구","2021.01",8833,418,2390,5511,514,72,20,4,48,0,8761,398,2386,5463,514
"부산","북구","2021.02",8825,417,2382,5512,514,75,20,4,51,0,8750,397,2378,5461,514
"부산","북구","2021.03",8878,419,2379,5546,534,74,20,4,50,0,8804,399,2375,5496,534
"부산","북구","2021.04",8953,425,2414,5560,554,75,20,4,50,1,8878,405,2410,5510,553
"부산","북구","2021.05",8970,425,2430,5557,558,75,20,4,50,1,8895,405,2426,5507,557
"부산","북구","2021.06",8970,425,2430,5557,558,75,20,4,50,1,8895,405,2426,5507,557
"부산","북구","2021.07",9055,423,2434,5621,577,73,20,4,48,1,8982,403,2430,5573,576
"부산","북구","2021.08",9121,425,2462,5662,572,64,12,4,47,1,9057,413,2458,5615,571
"부산","북구","2021.09",9181,442,2473,5668,598,63,12,4,47,0,9118,430,2469,5621,598
"부산","북구","2021.10",9221,444,2483,5677,617,64,12,4,48,0,9157,432,2479,5629,617
"부산","북구","2021.11",8415,445,1994,5357,619,62,12,3,47,0,8353,433,1991,5310,619
"부산","북구","2021.12",8407,448,1991,5344,624,62,12,3,47,0,8345,436,1988,5297,624
"부산","북구","2022.01",8425,440,1996,5362,627,62,12,3,47,0,8363,428,1993,5315,627
"부산","북구","2022.02",8433,433,2006,5361,633,61,11,3,47,0,8372,422,2003,5314,633
"부산","북구","2022.03",8509,424,2012,5427,646,61,11,3,47,0,8448,413,2009,5380,646
"부산","북구","2022.04",8606,419,2037,5498,652,62,11,4,47,0,8544,408,2033,5451,652
"부산","북구","2022.05",8661,412,2046,5533,670,53,2,4,47,0,8608,410,2042,5486,670
"부산","북구","2022.06",8665,412,2039,5541,673,53,2,4,47,0,8612,410,2035,5494,673
"부산","북구","2022.07",8696,411,2041,5544,700,52,1,4,47,0,8644,410,2037,5497,700
"부산","북구","2022.08",8717,416,2037,5551,713,51,1,4,46,0,8666,415,2033,5505,713
"부산","북구","2022.09",8756,416,2060,5562,718,50,1,4,45,0,8706,415,2056,5517,718
"부산","북구","2022.10",8772,412,2072,5575,713,50,1,4,45,0,8722,411,2068,5530,713
"부산","북구","2022.11",8774,414,2071,5559,730,50,1,4,45,0,8724,413,2067,5514,730
"부산","북구","2022.12",8756,417,2080,5537,722,50,1,4,45,0,8706,416,2076,5492,722
"부산","북구","2023.01",8741,414,2075,5532,720,50,1,4,45,0,8691,413,2071,5487,720
"부산","사상구","2020.01",10262,560,2999,6296,407,155,25,28,101,1,10107,535,2971,6195,406
"부산","사상구","2020.02",10229,552,3008,6268,401,156,25,28,102,1,10073,527,2980,6166,400
"부산","사상구","2020.03",10262,554,3012,6291,405,155,25,28,101,1,10107,529,2984,6190,404
"부산","사상구","2020.04",10322,589,3006,6311,416,150,28,20,101,1,10172,561,2986,6210,415
"부산","사상구","2020.05",10364,613,3010,6326,415,153,31,20,101,1,10211,582,2990,6225,414
"부산","사상구","2020.06",10396,609,2998,6361,428,150,29,20,101,0,10246,580,2978,6260,428
"부산","사상구","2020.07",10400,610,2996,6362,432,149,28,20,101,0,10251,582,2976,6261,432
"부산","사상구","2020.08",10419,609,2994,6372,444,148,28,20,100,0,10271,581,2974,6272,444
"부산","사상구","2020.09",10452,601,2982,6416,453,148,28,20,100,0,10304,573,2962,6316,453
"부산","사상구","2020.10",10484,596,2974,6446,468,147,27,20,100,0,10337,569,2954,6346,468
"부산","사상구","2020.11",10475,605,2970,6435,465,147,27,20,100,0,10328,578,2950,6335,465
"부산","사상구","2020.12",10474,605,2960,6449,460,146,27,19,100,0,10328,578,2941,6349,460
"부산","사상구","2021.01",10476,595,2955,6459,467,144,27,19,98,0,10332,568,2936,6361,467
"부산","사상구","2021.02",10495,602,2949,6475,469,144,27,19,98,0,10351,575,2930,6377,469
"부산","사상구","2021.03",10490,589,2949,6471,481,143,27,19,97,0,10347,562,2930,6374,481
"부산","사상구","2021.04",10597,600,2991,6504,502,141,26,19,96,0,10456,574,2972,6408,502
"부산","사상구","2021.05",10598,593,2977,6515,513,141,26,19,96,0,10457,567,2958,6419,513
"부산","사상구","2021.06",10598,593,2977,6515,513,141,26,19,96,0,10457,567,2958,6419,513
"부산","사상구","2021.07",10618,581,2975,6520,542,138,25,19,94,0,10480,556,2956,6426,542
"부산","사상구","2021.08",10690,584,3018,6540,548,148,29,25,94,0,10542,555,2993,6446,548
"부산","사상구","2021.09",10776,607,3027,6584,558,156,34,28,94,0,10620,573,2999,6490,558
"부산","사상구","2021.10",10789,607,3025,6592,565,155,34,28,93,0,10634,573,2997,6499,565
"부산","사상구","2021.11",10656,610,2994,6490,562,157,35,29,93,0,10499,575,2965,6397,562
"부산","사상구","2021.12",10644,605,3007,6467,565,155,34,28,93,0,10489,571,2979,6374,565
"부산","사상구","2022.01",9290,603,2224,5884,579,150,34,26,90,0,9140,569,2198,5794,579
"부산","사상구","2022.02",9296,601,2221,5904,570,150,34,26,90,0,9146,567,2195,5814,570
"부산","사상구","2022.03",9307,599,2217,5918,573,152,35,26,91,0,9155,564,2191,5827,573
"부산","사상구","2022.04",9357,591,2230,5934,602,159,32,32,94,1,9198,559,2198,5840,601
"부산","사상구","2022.05",9335,583,2235,5931,586,156,26,33,96,1,9179,557,2202,5835,585
"부산","사상구","2022.06",9322,565,2240,5930,587,157,26,34,96,1,9165,539,2206,5834,586
"부산","사상구","2022.07",9352,579,2249,5936,588,161,27,36,97,1,9191,552,2213,5839,587
"부산","사상구","2022.08",9383,581,2253,5953,596,161,27,37,96,1,9222,554,2216,5857,595
"부산","사상구","2022.09",9402,573,2259,5977,593,163,27,38,97,1,9239,546,2221,5880,592
"부산","사상구","2022.10",9394,567,2267,5963,597,162,27,38,96,1,9232,540,2229,5867,596
"부산","사상구","2022.11",9409,563,2277,5975,594,162,27,38,96,1,9247,536,2239,5879,593
"부산","사상구","2022.12",9420,569,2282,5975,594,162,27,38,96,1,9258,542,2244,5879,593
"부산","사상구","2023.01",9444,576,2276,5989,603,161,26,38,96,1,9283,550,2238,5893,602
"부산","사하구","2020.01",11713,473,2944,7693,603,87,3,7,77,0,11626,470,2937,7616,603
"부산","사하구","2020.02",11734,471,2941,7706,616,87,3,7,77,0,11647,468,2934,7629,616
"부산","사하구","2020.03",11804,494,2935,7735,640,87,3,7,77,0,11717,491,2928,7658,640
"부산","사하구","2020.04",11903,540,2919,7781,663,82,3,2,77,0,11821,537,2917,7704,663
"부산","사하구","2020.05",11978,556,2916,7834,672,88,9,2,77,0,11890,547,2914,7757,672
"부산","사하구","2020.06",11992,552,2901,7863,676,88,9,2,77,0,11904,543,2899,7786,676
"부산","사하구","2020.07",12021,556,2899,7873,693,88,10,2,76,0,11933,546,2897,7797,693
"부산","사하구","2020.08",12053,552,2904,7901,696,90,10,2,78,0,11963,542,2902,7823,696
"부산","사하구","2020.09",12103,555,2892,7946,710,90,10,2,78,0,12013,545,2890,7868,710
"부산","사하구","2020.10",12091,551,2888,7946,706,90,10,2,78,0,12001,541,2886,7868,706
"부산","사하구","2020.11",12097,544,2882,7955,716,90,10,2,78,0,12007,534,2880,7877,716
"부산","사하구","2020.12",12068,544,2878,7928,718,90,10,2,78,0,11978,534,2876,7850,718
"부산","사하구","2021.01",12067,540,2872,7941,714,89,10,2,77,0,11978,530,2870,7864,714
"부산","사하구","2021.02",12090,539,2873,7959,719,88,10,2,76,0,12002,529,2871,7883,719
"부산","사하구","2021.03",12069,529,2863,7946,731,87,10,2,75,0,11982,519,2861,7871,731
"부산","사하구","2021.04",12184,535,2906,7991,752,87,10,2,75,0,12097,525,2904,7916,752
"부산","사하구","2021.05",12264,536,2924,8032,772,89,10,2,75,2,12175,526,2922,7957,770
"부산","사하구","2021.06",12264,536,2924,8032,772,89,10,2,75,2,12175,526,2922,7957,770
"부산","사하구","2021.07",12302,530,2925,8051,796,88,10,2,75,1,12214,520,2923,7976,795
"부산","사하구","2021.08",12391,537,2967,8083,804,88,10,2,75,1,12303,527,2965,8008,803
"부산","사하구","2021.09",12430,550,2984,8088,808,88,10,2,75,1,12342,540,2982,8013,807
"부산","사하구","2021.10",12457,538,2980,8128,811,88,10,2,74,2,12369,528,2978,8054,809
"부산","사하구","2021.11",12441,539,2966,8115,821,88,10,2,74,2,12353,529,2964,8041,819
"부산","사하구","2021.12",12350,529,2921,8094,806,86,8,2,74,2,12264,521,2919,8020,804
"부산","사하구","2022.01",12356,528,2914,8102,812,86,8,2,74,2,12270,520,2912,8028,810
"부산","사하구","2022.02",12392,524,2913,8118,837,85,8,2,73,2,12307,516,2911,8045,835
"부산","사하구","2022.03",12461,527,2916,8160,858,84,8,2,73,1,12377,519,2914,8087,857
"부산","사하구","2022.04",12505,518,2927,8182,878,81,4,2,73,2,12424,514,2925,8109,876
"부산","사하구","2022.05",12554,525,2933,8189,907,82,4,2,73,3,12472,521,2931,8116,904
"부산","사하구","2022.06",12590,533,2933,8204,920,82,4,2,73,3,12508,529,2931,8131,917
"부산","사하구","2022.07",12511,539,2868,8178,926,82,4,2,73,3,12429,535,2866,8105,923
"부산","사하구","2022.08",12510,533,2861,8189,927,80,4,2,73,1,12430,529,2859,8116,926
"부산","사하구","2022.09",12544,536,2881,8190,937,80,3,2,73,2,12464,533,2879,8117,935
"부산","사하구","2022.10",12548,540,2880,8176,952,83,6,2,73,2,12465,534,2878,8103,950
"부산","사하구","2022.11",12566,537,2887,8164,978,83,6,2,73,2,12483,531,2885,8091,976
"부산","사하구","2022.12",12558,540,2882,8157,979,81,6,2,73,0,12477,534,2880,8084,979
"부산","사하구","2023.01",12553,528,2888,8168,969,80,6,2,72,0,12473,522,2886,8096,969
"부산","서구","2020.01",6116,193,1705,3997,221,8,0,6,2,0,6108,193,1699,3995,221
"부산","서구","2020.02",6103,195,1697,3990,221,8,0,6,2,0,6095,195,1691,3988,221
"부산","서구","2020.03",6093,203,1690,3975,225,8,0,6,2,0,6085,203,1684,3973,225
"부산","서구","2020.04",6113,209,1690,3989,225,9,1,6,2,0,6104,208,1684,3987,225
"부산","서구","2020.05",6146,220,1691,4004,231,9,1,6,2,0,6137,219,1685,4002,231
"부산","서구","2020.06",6172,232,1687,4009,244,9,1,6,2,0,6163,231,1681,4007,244
"부산","서구","2020.07",6176,231,1679,4011,255,9,1,6,2,0,6167,230,1673,4009,255
"부산","서구","2020.08",6164,228,1670,4015,251,9,1,6,2,0,6155,227,1664,4013,251
"부산","서구","2020.09",6185,231,1667,4036,251,9,1,6,2,0,6176,230,1661,4034,251
"부산","서구","2020.10",6224,235,1671,4069,249,9,1,6,2,0,6215,234,1665,4067,249
"부산","서구","2020.11",6238,234,1667,4084,253,9,1,6,2,0,6229,233,1661,4082,253
"부산","서구","2020.12",6261,236,1669,4101,255,9,1,6,2,0,6252,235,1663,4099,255
"부산","서구","2021.01",6264,237,1665,4106,256,9,1,6,2,0,6255,236,1659,4104,256
"부산","서구","2021.02",6266,234,1666,4109,257,9,1,6,2,0,6257,233,1660,4107,257
"부산","서구","2021.03",6254,225,1670,4089,270,9,1,6,2,0,6245,224,1664,4087,270
"부산","서구","2021.04",6290,224,1676,4114,276,9,1,6,2,0,6281,223,1670,4112,276
"부산","서구","2021.05",6272,224,1685,4090,273,9,1,6,2,0,6263,223,1679,4088,273
"부산","서구","2021.06",6272,224,1685,4090,273,9,1,6,2,0,6263,223,1679,4088,273
"부산","서구","2021.07",6324,221,1694,4135,274,9,1,6,2,0,6315,220,1688,4133,274
"부산","서구","2021.08",6368,229,1710,4143,286,9,1,6,2,0,6359,228,1704,4141,286
"부산","서구","2021.09",6392,230,1719,4148,295,9,1,6,2,0,6383,229,1713,4146,295
"부산","서구","2021.10",6394,223,1725,4157,289,9,1,6,2,0,6385,222,1719,4155,289
"부산","서구","2021.11",5995,217,1480,4004,294,9,1,6,2,0,5986,216,1474,4002,294
"부산","서구","2021.12",5975,220,1481,3972,302,9,1,6,2,0,5966,219,1475,3970,302
"부산","서구","2022.01",5966,217,1483,3961,305,9,1,6,2,0,5957,216,1477,3959,305
"부산","서구","2022.02",5963,217,1480,3967,299,9,1,6,2,0,5954,216,1474,3965,299
"부산","서구","2022.03",5987,214,1476,3993,304,9,1,6,2,0,5978,213,1470,3991,304
"부산","서구","2022.04",5983,217,1472,3985,309,9,1,6,2,0,5974,216,1466,3983,309
"부산","서구","2022.05",5993,219,1472,3985,317,9,1,6,2,0,5984,218,1466,3983,317
"부산","서구","2022.06",6013,219,1476,3999,319,9,1,6,2,0,6004,218,1470,3997,319
"부산","서구","2022.07",6050,220,1478,4023,329,9,1,6,2,0,6041,219,1472,4021,329
"부산","서구","2022.08",6062,215,1485,4026,336,9,1,6,2,0,6053,214,1479,4024,336
"부산","서구","2022.09",6081,213,1491,4041,336,9,1,6,2,0,6072,212,1485,4039,336
"부산","서구","2022.10",6076,210,1493,4038,335,9,1,6,2,0,6067,209,1487,4036,335
"부산","서구","2022.11",6101,211,1496,4053,341,9,1,6,2,0,6092,210,1490,4051,341
"부산","서구","2022.12",6079,210,1489,4042,338,9,1,6,2,0,6070,209,1483,4040,338
"부산","서구","2023.01",6068,207,1486,4033,342,9,1,6,2,0,6059,206,1480,4031,342
"부산","수영구","2020.01",6672,296,1899,4066,411,102,1,0,101,0,6570,295,1899,3965,411
"부산","수영구","2020.02",6690,295,1897,4075,423,102,1,0,101,0,6588,294,1897,3974,423
"부산","수영구","2020.03",6718,306,1892,4080,440,102,1,0,101,0,6616,305,1892,3979,440
"부산","수영구","2020.04",6738,324,1883,4081,450,106,5,0,101,0,6632,319,1883,3980,450
"부산","수영구","2020.05",6787,340,1881,4109,457,106,5,0,101,0,6681,335,1881,4008,457
"부산","수영구","2020.06",6819,339,1882,4130,468,106,5,0,101,0,6713,334,1882,4029,468
"부산","수영구","2020.07",6846,341,1873,4139,493,103,5,0,98,0,6743,336,1873,4041,493
"부산","수영구","2020.08",6896,340,1873,4179,504,103,5,0,98,0,6793,335,1873,4081,504
"부산","수영구","2020.09",6952,348,1890,4213,501,103,5,0,98,0,6849,343,1890,4115,501
"부산","수영구","2020.10",6952,340,1889,4226,497,104,5,0,99,0,6848,335,1889,4127,497
"부산","수영구","2020.11",6978,342,1887,4240,509,104,5,0,99,0,6874,337,1887,4141,509
"부산","수영구","2020.12",6977,332,1893,4238,514,104,5,0,99,0,6873,327,1893,4139,514
"부산","수영구","2021.01",6968,330,1898,4229,511,104,5,0,99,0,6864,325,1898,4130,511
"부산","수영구","2021.02",6974,327,1893,4251,503,103,5,0,98,0,6871,322,1893,4153,503
"부산","수영구","2021.03",6996,324,1888,4278,506,103,5,0,98,0,6893,319,1888,4180,506
"부산","수영구","2021.04",7048,322,1897,4306,523,104,5,1,98,0,6944,317,1896,4208,523
"부산","수영구","2021.05",7077,322,1904,4325,526,104,5,1,98,0,6973,317,1903,4227,526
"부산","수영구","2021.06",7077,322,1904,4325,526,104,5,1,98,0,6973,317,1903,4227,526
"부산","수영구","2021.07",7191,329,1922,4390,550,104,5,1,98,0,7087,324,1921,4292,550
"부산","수영구","2021.08",7253,339,1930,4425,559,104,5,1,98,0,7149,334,1929,4327,559
"부산","수영구","2021.09",6595,332,1486,4203,574,108,5,4,98,1,6487,327,1482,4105,573
"부산","수영구","2021.10",6635,336,1477,4223,599,108,5,4,98,1,6527,331,1473,4125,598
"부산","수영구","2021.11",6616,333,1455,4220,608,108,5,4,98,1,6508,328,1451,4122,607
"부산","수영구","2021.12",6603,331,1448,4216,608,108,5,4,98,1,6495,326,1444,4118,607
"부산","수영구","2022.01",6603,327,1445,4210,621,108,5,4,98,1,6495,322,1441,4112,620
"부산","수영구","2022.02",6603,324,1440,4211,628,108,5,4,98,1,6495,319,1436,4113,627
"부산","수영구","2022.03",6613,324,1434,4222,633,107,4,4,98,1,6506,320,1430,4124,632
"부산","수영구","2022.04",6658,321,1433,4256,648,103,0,4,98,1,6555,321,1429,4158,647
"부산","수영구","2022.05",6715,323,1444,4296,652,103,0,4,98,1,6612,323,1440,4198,651
"부산","수영구","2022.06",6728,319,1448,4306,655,103,0,4,98,1,6625,319,1444,4208,654
"부산","수영구","2022.07",6777,311,1455,4345,666,103,0,4,98,1,6674,311,1451,4247,665
"부산","수영구","2022.08",6799,305,1458,4355,681,85,0,4,80,1,6714,305,1454,4275,680
"부산","수영구","2022.09",6828,312,1461,4368,687,85,0,4,80,1,6743,312,1457,4288,686
"부산","수영구","2022.10",6812,313,1470,4346,683,85,0,4,80,1,6727,313,1466,4266,682
"부산","수영구","2022.11",6781,309,1473,4319,680,85,0,4,80,1,6696,309,1469,4239,679
"부산","수영구","2022.12",6790,310,1475,4323,682,85,0,4,80,1,6705,310,1471,4243,681
"부산","수영구","2023.01",6751,307,1472,4297,675,85,0,4,80,1,6666,307,1468,4217,674
"부산","연제구","2020.01",6759,270,1693,4347,449,195,5,6,148,36,6564,265,1687,4199,413
"부산","연제구","2020.02",6771,271,1691,4357,452,195,5,6,148,36,6576,266,1685,4209,416
"부산","연제구","2020.03",6801,273,1679,4387,462,195,5,6,148,36,6606,268,1673,4239,426
"부산","연제구","2020.04",6853,281,1685,4410,477,193,5,5,147,36,6660,276,1680,4263,441
"부산","연제구","2020.05",6860,293,1693,4399,475,193,5,5,147,36,6667,288,1688,4252,439
"부산","연제구","2020.06",6862,290,1688,4389,495,193,5,5,147,36,6669,285,1683,4242,459
"부산","연제구","2020.07",6847,292,1684,4370,501,145,4,5,100,36,6702,288,1679,4270,465
"부산","연제구","2020.08",6910,288,1675,4435,512,141,4,5,96,36,6769,284,1670,4339,476
"부산","연제구","2020.09",6981,287,1673,4500,521,140,4,5,95,36,6841,283,1668,4405,485
"부산","연제구","2020.10",7020,285,1676,4527,532,140,4,5,95,36,6880,281,1671,4432,496
"부산","연제구","2020.11",6983,283,1674,4488,538,140,4,5,95,36,6843,279,1669,4393,502
"부산","연제구","2020.12",6951,277,1662,4471,541,143,4,5,98,36,6808,273,1657,4373,505
"부산","연제구","2021.01",6953,275,1662,4468,548,144,5,5,98,36,6809,270,1657,4370,512
"부산","연제구","2021.02",6962,271,1662,4476,553,144,5,5,98,36,6818,266,1657,4378,517
"부산","연제구","2021.03",6940,270,1664,4456,550,141,5,5,95,36,6799,265,1659,4361,514
"부산","연제구","2021.04",6960,275,1673,4453,559,141,5,5,95,36,6819,270,1668,4358,523
"부산","연제구","2021.05",6980,272,1673,4456,579,141,5,5,95,36,6839,267,1668,4361,543
"부산","연제구","2021.06",6980,272,1673,4456,579,141,5,5,95,36,6839,267,1668,4361,543
"부산","연제구","2021.07",6986,268,1671,4452,595,141,5,5,95,36,6845,263,1666,4357,559
"부산","연제구","2021.08",6996,277,1671,4436,612,141,5,5,95,36,6855,272,1666,4341,576
"부산","연제구","2021.09",7044,281,1684,4462,617,141,5,5,95,36,6903,276,1679,4367,581
"부산","연제구","2021.10",7052,284,1685,4466,617,141,5,5,95,36,6911,279,1680,4371,581
"부산","연제구","2021.11",7010,278,1654,4448,630,136,5,5,90,36,6874,273,1649,4358,594
"부산","연제구","2021.12",6856,277,1562,4373,644,136,5,5,90,36,6720,272,1557,4283,608
"부산","연제구","2022.01",6876,273,1570,4385,648,135,5,4,90,36,6741,268,1566,4295,612
"부산","연제구","2022.02",6883,278,1569,4385,651,135,5,4,90,36,6748,273,1565,4295,615
"부산","연제구","2022.03",6915,280,1569,4418,648,135,5,4,90,36,6780,275,1565,4328,612
"부산","연제구","2022.04",6936,282,1575,4431,648,135,5,4,90,36,6801,277,1571,4341,612
"부산","연제구","2022.05",6942,264,1572,4447,659,135,5,4,90,36,6807,259,1568,4357,623
"부산","연제구","2022.06",6964,266,1580,4448,670,135,5,4,90,36,6829,261,1576,4358,634
"부산","연제구","2022.07",6962,274,1574,4438,676,135,5,4,90,36,6827,269,1570,4348,640
"부산","연제구","2022.08",6965,271,1570,4437,687,130,5,4,85,36,6835,266,1566,4352,651
"부산","연제구","2022.09",6985,268,1587,4442,688,134,5,4,89,36,6851,263,1583,4353,652
"부산","연제구","2022.10",7007,267,1586,4455,699,134,5,4,89,36,6873,262,1582,4366,663
"부산","연제구","2022.11",7012,275,1588,4455,694,134,5,4,89,36,6878,270,1584,4366,658
"부산","연제구","2022.12",6986,278,1591,4427,690,134,5,4,89,36,6852,273,1587,4338,654
"부산","연제구","2023.01",7002,279,1591,4451,681,134,5,4,89,36,6868,274,1587,4362,645
"부산","영도구","2020.01",6350,203,1585,4274,288,49,3,4,42,0,6301,200,1581,4232,288
"부산","영도구","2020.02",6364,204,1588,4291,281,49,3,4,42,0,6315,201,1584,4249,281
"부산","영도구","2020.03",6377,207,1584,4297,289,49,3,4,42,0,6328,204,1580,4255,289
"부산","영도구","2020.04",6383,221,1578,4296,288,49,3,4,42,0,6334,218,1574,4254,288
"부산","영도구","2020.05",6405,230,1579,4303,293,51,5,4,42,0,6354,225,1575,4261,293
"부산","영도구","2020.06",6419,230,1575,4323,291,52,6,4,42,0,6367,224,1571,4281,291
"부산","영도구","2020.07",6416,228,1575,4323,290,52,6,4,42,0,6364,222,1571,4281,290
"부산","영도구","2020.08",6422,226,1577,4336,283,52,6,4,42,0,6370,220,1573,4294,283
"부산","영도구","2020.09",6448,228,1582,4361,277,52,6,4,42,0,6396,222,1578,4319,277
"부산","영도구","2020.10",6432,223,1583,4356,270,52,6,4,42,0,6380,217,1579,4314,270
"부산","영도구","2020.11",6416,224,1577,4349,266,52,6,4,42,0,6364,218,1573,4307,266
"부산","영도구","2020.12",6439,221,1572,4373,273,53,6,4,43,0,6386,215,1568,4330,273
"부산","영도구","2021.01",6439,221,1577,4362,279,53,6,4,43,0,6386,215,1573,4319,279
"부산","영도구","2021.02",6424,216,1572,4359,277,53,6,4,43,0,6371,210,1568,4316,277
"부산","영도구","2021.03",6421,211,1571,4366,273,54,6,4,44,0,6367,205,1567,4322,273
"부산","영도구","2021.04",6449,205,1592,4375,277,54,6,4,44,0,6395,199,1588,4331,277
"부산","영도구","2021.05",6485,204,1599,4394,288,54,6,4,44,0,6431,198,1595,4350,288
"부산","영도구","2021.06",6485,204,1599,4394,288,54,6,4,44,0,6431,198,1595,4350,288
"부산","영도구","2021.07",6531,201,1604,4430,296,53,6,4,43,0,6478,195,1600,4387,296
"부산","영도구","2021.08",6578,205,1626,4454,293,52,6,4,42,0,6526,199,1622,4412,293
"부산","영도구","2021.09",6586,212,1621,4467,286,50,6,2,42,0,6536,206,1619,4425,286
"부산","영도구","2021.10",6613,208,1626,4482,297,51,6,2,43,0,6562,202,1624,4439,297
"부산","영도구","2021.11",6347,211,1454,4379,303,50,6,2,42,0,6297,205,1452,4337,303
"부산","영도구","2021.12",6341,208,1455,4377,301,48,4,2,42,0,6293,204,1453,4335,301
"부산","영도구","2022.01",6358,207,1453,4392,306,48,4,2,42,0,6310,203,1451,4350,306
"부산","영도구","2022.02",6362,209,1449,4388,316,48,4,2,42,0,6314,205,1447,4346,316
"부산","영도구","2022.03",6341,203,1444,4374,320,48,4,2,42,0,6293,199,1442,4332,320
"부산","영도구","2022.04",6336,208,1454,4357,317,48,4,2,42,0,6288,204,1452,4315,317
"부산","영도구","2022.05",6386,217,1460,4378,331,48,4,2,42,0,6338,213,1458,4336,331
"부산","영도구","2022.06",6364,213,1465,4368,318,49,4,2,43,0,6315,209,1463,4325,318
"부산","영도구","2022.07",6407,222,1472,4391,322,49,4,2,43,0,6358,218,1470,4348,322
"부산","영도구","2022.08",6414,221,1472,4398,323,50,5,2,43,0,6364,216,1470,4355,323
"부산","영도구","2022.09",6431,222,1475,4408,326,50,5,2,43,0,6381,217,1473,4365,326
"부산","영도구","2022.10",6429,219,1479,4403,328,50,5,2,43,0,6379,214,1477,4360,328
"부산","영도구","2022.11",6426,218,1481,4399,328,50,5,2,43,0,6376,213,1479,4356,328
"부산","영도구","2022.12",6428,224,1482,4387,335,50,5,2,43,0,6378,219,1480,4344,335
"부산","영도구","2023.01",6421,221,1482,4374,344,50,5,2,43,0,6371,216,1480,4331,344
"부산","해운대구","2020.01",12652,567,3307,7857,921,101,8,0,92,1,12551,559,3307,7765,920
"부산","해운대구","2020.02",12649,563,3303,7861,922,101,8,0,92,1,12548,555,3303,7769,921
"부산","해운대구","2020.03",12703,569,3299,7887,948,100,7,0,92,1,12603,562,3299,7795,947
"부산","해운대구","2020.04",12779,585,3295,7922,977,100,7,0,92,1,12679,578,3295,7830,976
"부산","해운대구","2020.05",12844,605,3295,7962,982,106,13,0,92,1,12738,592,3295,7870,981
"부산","해운대구","2020.06",12893,613,3286,7992,1002,106,13,0,92,1,12787,600,3286,7900,1001
"부산","해운대구","2020.07",12949,613,3285,8037,1014,103,13,0,89,1,12846,600,3285,7948,1013
"부산","해운대구","2020.08",12966,606,3285,8076,999,98,13,0,84,1,12868,593,3285,7992,998
"부산","해운대구","2020.09",12980,590,3273,8100,1017,98,13,0,84,1,12882,577,3273,8016,1016
"부산","해운대구","2020.10",13046,592,3259,8132,1063,98,13,0,84,1,12948,579,3259,8048,1062
"부산","해운대구","2020.11",13047,587,3261,8124,1075,98,13,0,84,1,12949,574,3261,8040,1074
"부산","해운대구","2020.12",13056,587,3260,8133,1076,99,13,0,85,1,12957,574,3260,8048,1075
"부산","해운대구","2021.01",13016,577,3247,8139,1053,99,13,0,85,1,12917,564,3247,8054,1052
"부산","해운대구","2021.02",13029,571,3242,8142,1074,99,13,0,85,1,12930,558,3242,8057,1073
"부산","해운대구","2021.03",13049,573,3248,8154,1074,99,13,0,85,1,12950,560,3248,8069,1073
"부산","해운대구","2021.04",13140,573,3290,8176,1101,99,13,0,85,1,13041,560,3290,8091,1100
"부산","해운대구","2021.05",13187,567,3306,8221,1093,98,13,0,84,1,13089,554,3306,8137,1092
"부산","해운대구","2021.06",13187,567,3306,8221,1093,98,13,0,84,1,13089,554,3306,8137,1092
"부산","해운대구","2021.07",13303,560,3300,8304,1139,97,13,0,83,1,13206,547,3300,8221,1138
"부산","해운대구","2021.08",13431,579,3327,8360,1165,96,12,0,83,1,13335,567,3327,8277,1164
"부산","해운대구","2021.09",13500,593,3351,8382,1174,100,12,4,83,1,13400,581,3347,8299,1173
"부산","해운대구","2021.10",13517,591,3342,8394,1190,103,12,4,86,1,13414,579,3338,8308,1189
"부산","해운대구","2021.11",12601,591,2907,7913,1190,100,12,2,85,1,12501,579,2905,7828,1189
"부산","해운대구","2021.12",12605,584,2913,7916,1192,99,10,3,85,1,12506,574,2910,7831,1191
"부산","해운대구","2022.01",12613,583,2914,7912,1204,97,10,1,85,1,12516,573,2913,7827,1203
"부산","해운대구","2022.02",12591,584,2908,7898,1201,97,10,1,85,1,12494,574,2907,7813,1200
"부산","해운대구","2022.03",12661,579,2913,7946,1223,97,10,1,85,1,12564,569,2912,7861,1222
"부산","해운대구","2022.04",12701,568,2946,7941,1246,97,10,1,85,1,12604,558,2945,7856,1245
"부산","해운대구","2022.05",12692,553,2954,7942,1243,93,6,1,85,1,12599,547,2953,7857,1242
"부산","해운대구","2022.06",12671,542,2938,7955,1236,93,6,1,85,1,12578,536,2937,7870,1235
"부산","해운대구","2022.07",12692,549,2941,7940,1262,94,7,1,85,1,12598,542,2940,7855,1261
"부산","해운대구","2022.08",12773,547,2937,7997,1292,94,7,1,85,1,12679,540,2936,7912,1291
"부산","해운대구","2022.09",12817,544,2951,8011,1311,95,7,2,85,1,12722,537,2949,7926,1310
"부산","해운대구","2022.10",12851,550,2950,8025,1326,95,7,2,85,1,12756,543,2948,7940,1325
"부산","해운대구","2022.11",12828,542,2941,8027,1318,96,7,2,86,1,12732,535,2939,7941,1317
"부산","해운대구","2022.12",12802,543,2943,7987,1329,96,7,2,86,1,12706,536,2941,7901,1328
"부산","해운대구","2023.01",12791,544,2926,7988,1333,96,7,2,86,1,12695,537,2924,7902,1332
"부산","부산기타","2020.01",14,0,10,4,0,0,0,0,0,0,14,0,10,4,0
"부산","부산기타","2020.02",14,0,10,4,0,0,0,0,0,0,14,0,10,4,0
"부산","부산기타","2020.03",14,0,10,4,0,0,0,0,0,0,14,0,10,4,0
"부산","부산기타","2020.04",14,0,10,4,0,0,0,0,0,0,14,0,10,4,0
"부산","부산기타","2020.05",14,0,10,4,0,0,0,0,0,0,14,0,10,4,0
"부산","부산기타","2020.06",14,0,10,4,0,0,0,0,0,0,14,0,10,4,0
"부산","부산기타","2020.07",14,0,10,4,0,0,0,0,0,0,14,0,10,4,0
"부산","부산기타","2020.08",14,0,10,4,0,0,0,0,0,0,14,0,10,4,0
"부산","부산기타","2020.09",14,0,10,4,0,0,0,0,0,0,14,0,10,4,0
"부산","부산기타","2020.10",14,0,10,4,0,0,0,0,0,0,14,0,10,4,0
"부산","부산기타","2020.11",14,0,10,4,0,0,0,0,0,0,14,0,10,4,0
"부산","부산기타","2020.12",14,0,10,4,0,0,0,0,0,0,14,0,10,4,0
"부산","부산기타","2021.01",14,0,10,4,0,0,0,0,0,0,14,0,10,4,0
"부산","부산기타","2021.02",14,0,10,4,0,0,0,0,0,0,14,0,10,4,0
"부산","부산기타","2021.03",14,0,10,4,0,0,0,0,0,0,14,0,10,4,0
"부산","부산기타","2021.04",14,0,10,4,0,0,0,0,0,0,14,0,10,4,0
"부산","부산기타","2021.05",14,0,10,4,0,0,0,0,0,0,14,0,10,4,0
"부산","부산기타","2021.06",14,0,10,4,0,0,0,0,0,0,14,0,10,4,0
"부산","부산기타","2021.07",14,0,10,4,0,0,0,0,0,0,14,0,10,4,0
"부산","부산기타","2021.08",14,0,10,4,0,0,0,0,0,0,14,0,10,4,0
"부산","부산기타","2021.09",13,0,10,3,0,0,0,0,0,0,13,0,10,3,0
"부산","부산기타","2021.10",12,0,10,2,0,0,0,0,0,0,12,0,10,2,0
"부산","부산기타","2021.11",12,0,10,2,0,0,0,0,0,0,12,0,10,2,0
"부산","부산기타","2021.12",12,0,10,2,0,0,0,0,0,0,12,0,10,2,0
"부산","부산기타","2022.01",12,0,10,2,0,0,0,0,0,0,12,0,10,2,0
"부산","부산기타","2022.02",12,0,10,2,0,0,0,0,0,0,12,0,10,2,0
"부산","부산기타","2022.03",12,0,10,2,0,0,0,0,0,0,12,0,10,2,0
"부산","부산기타","2022.04",12,0,10,2,0,0,0,0,0,0,12,0,10,2,0
"부산","부산기타","2022.05",12,0,10,2,0,0,0,0,0,0,12,0,10,2,0
"부산","부산기타","2022.06",12,0,10,2,0,0,0,0,0,0,12,0,10,2,0
"부산","부산기타","2022.07",12,0,10,2,0,0,0,0,0,0,12,0,10,2,0
"부산","부산기타","2022.08",12,0,10,2,0,0,0,0,0,0,12,0,10,2,0
"부산","부산기타","2022.09",12,0,10,2,0,0,0,0,0,0,12,0,10,2,0
"부산","부산기타","2022.10",12,0,10,2,0,0,0,0,0,0,12,0,10,2,0
"부산","부산기타","2022.11",12,0,10,2,0,0,0,0,0,0,12,0,10,2,0
"부산","부산기타","2022.12",12,0,10,2,0,0,0,0,0,0,12,0,10,2,0
"부산","부산기타","2023.01",12,0,10,2,0,0,0,0,0,0,12,0,10,2,0
